t_s,status,latency_ms,note
0.344,200,343.57,
0.585,200,241.13,
0.833,200,248.46,
1.17,200,337.05,
1.396,200,225.36,
1.612,200,216.5,
1.826,200,213.33,
2.067,200,241.12,
2.276,200,209.25,
2.487,200,211.13,
2.702,200,214.47,
2.913,200,211.05,
3.124,200,210.73,
3.334,200,210.49,
3.558,200,223.73,
3.765,200,207.1,
3.978,200,213.33,
4.192,200,213.39,
4.396,200,204.31,
4.613,200,216.73,
4.825,200,212.43,
5.037,200,212.19,
5.263,200,225.69,
5.475,200,211.73,
5.692,200,217.5,
5.951,200,258.23,
6.157,200,205.97,
6.404,200,247.75,
6.607,200,202.41,
6.811,200,203.9,
7.028,200,217.16,
7.23,200,202.36,
7.454,200,223.97,
7.663,200,208.91,
7.867,200,204.05,
8.084,200,217.15,
8.296,200,211.86,
8.871,200,574.34,
9.109,200,238.75,
9.335,200,225.09,
9.548,200,213.06,
9.785,200,237.46,
10.004,200,219.28,
10.25,200,245.09,
10.492,200,242.92,
10.714,200,221.18,
10.924,200,210.2,
11.134,200,209.61,
11.356,200,222.2,
11.578,200,222.45,
11.798,200,219.43,
12.012,200,214.04,
12.234,200,222.52,
12.457,200,222.58,
12.671,200,214.05,
12.902,200,230.54,
13.111,200,209.81,
13.318,200,206.99,
13.529,200,210.38,
13.841,200,312.07,
14.112,200,270.93,
14.464,200,352.03,
14.722,200,258.38,
14.936,200,213.38,
15.16,200,224.51,
15.37,200,209.92,
15.582,200,211.61,
15.804,200,222.06,
16.017,200,213.53,
16.228,200,210.71,
16.437,200,208.82,
16.646,200,208.96,
16.858,200,211.77,
17.072,200,214.56,
17.291,200,218.3,
17.503,200,212.04,
17.708,200,204.98,
17.925,200,217.37,
18.134,200,209.39,
18.347,200,212.22,
18.554,200,206.87,
18.775,200,221.59,
18.99,200,215.14,
19.228,200,237.28,
19.476,200,248.64,
19.684,200,207.39,
19.894,200,210.39,
20.139,200,244.65,
20.361,200,222.42,
20.576,200,214.47,
20.797,200,220.86,
21.015,200,218.79,
21.237,200,221.6,
21.446,200,209.38,
21.666,200,219.59,
21.877,200,211.26,
22.088,200,210.37,
22.304,200,216.49,
22.51,200,205.31,
22.72,200,210.45,
22.931,200,211.46,
23.144,200,212.67,
23.356,200,212.07,
23.559,200,202.46,
23.761,200,201.99,
23.978,200,216.79,
24.192,200,214.53,
24.436,200,243.38,
24.655,200,219.55,
24.86,200,204.55,
25.091,200,231.49,
25.306,200,214.49,
25.531,200,224.85,
25.747,200,216.48,
25.971,200,224.0,
26.23,200,258.86,
26.458,200,228.27,
26.676,200,217.62,
26.896,200,220.26,
27.124,200,228.14,
27.337,200,212.32,
27.555,200,218.27,
27.762,200,207.24,
27.976,200,213.59,
28.184,200,207.96,
28.396,200,212.29,
28.608,200,212.22,
28.823,200,214.89,
29.097,200,273.32,
29.317,200,220.57,
29.525,200,207.38,
29.748,200,223.56,
29.979,200,230.9,
30.36,200,380.5,
30.597,200,237.21,
30.838,200,241.53,
31.051,200,212.18,
31.266,200,214.9,
31.483,200,217.73,
31.688,200,204.88,
31.919,200,230.67,
32.13,200,211.2,
32.344,200,213.51,
32.582,200,237.99,
32.8,200,218.66,
33.011,200,210.6,
33.219,200,208.29,
33.428,200,209.13,
33.661,200,232.19,
33.89,200,229.71,
34.11,200,220.15,
34.325,200,214.07,
34.531,200,206.67,
34.746,200,214.43,
34.959,200,212.89,
35.247,200,288.68,
35.459,200,211.67,
35.662,200,202.7,
35.882,200,220.48,
36.101,200,218.57,
36.356,200,255.05,
36.565,200,208.76,
36.768,200,203.71,
36.978,200,209.98,
37.184,200,205.8,
37.403,200,218.68,
37.62,200,217.49,
37.824,200,203.52,
38.037,200,212.79,
38.251,200,214.22,
38.46,200,208.98,
38.669,200,208.75,
38.874,200,204.98,
39.091,200,217.56,
39.299,200,208.17,
39.539,200,239.67,
39.78,200,240.96,
39.989,200,209.13,
40.271,200,281.55,
40.52,200,249.11,
40.728,200,208.54,
40.951,200,222.12,
41.161,200,210.36,
41.388,200,226.55,
41.606,200,217.96,
41.813,200,207.61,
42.027,200,213.43,
42.251,200,224.04,
42.463,200,212.36,
42.686,200,223.2,
42.906,200,219.49,
43.12,200,214.43,
43.333,200,213.16,
43.56,200,226.86,
43.972,200,411.91,
44.251,200,278.55,
44.637,200,386.45,
44.931,200,293.22,
45.167,200,236.63,
45.387,200,219.9,
45.602,200,214.45,
45.815,200,212.97,
46.029,200,213.88,
46.253,200,224.62,
46.469,200,215.9,
46.67,200,200.7,
46.879,200,209.63,
47.083,200,203.82,
47.294,200,210.63,
47.502,200,207.79,
47.706,200,204.69,
47.918,200,211.5,
48.119,200,201.17,
48.337,200,217.35,
48.544,200,207.09,
48.748,200,204.15,
48.957,200,209.4,
49.161,200,203.35,
49.373,200,212.9,
49.607,200,233.32,
49.811,200,203.79,
50.02,200,209.63,
50.237,200,216.52,
50.444,200,206.82,
50.65,200,206.69,
50.865,200,214.64,
51.072,200,206.43,
51.293,200,221.21,
51.516,200,223.49,
51.723,200,206.94,
51.939,200,215.32,
52.146,200,207.77,
52.369,200,222.23,
52.581,200,212.14,
52.795,200,214.48,
53.019,200,223.43,
53.234,200,215.79,
53.458,200,223.15,
53.67,200,212.12,
53.89,200,219.87,
54.107,200,217.73,
54.32,200,212.66,
54.535,200,214.39,
54.743,200,208.15,
54.962,200,218.92,
55.246,200,284.63,
55.484,200,237.41,
55.698,200,214.04,
55.954,200,256.05,
56.158,200,203.99,
56.416,200,257.64,
56.637,200,221.14,
56.843,200,206.75,
57.064,200,220.55,
57.275,200,210.94,
57.498,200,222.55,
57.713,200,215.13,
57.924,200,210.92,
58.182,200,257.9,
58.421,200,239.06,
58.685,200,264.62,
59.032,200,346.84,
59.311,200,278.64,
59.768,200,456.98,
59.989,200,221.06,
60.25,200,260.81,
60.554,200,303.87,
60.704,ERR,150.14,HTTP Error 500: Internal Server Error
60.854,ERR,150.03,HTTP Error 500: Internal Server Error
61.027,ERR,173.62,HTTP Error 500: Internal Server Error
61.166,ERR,139.0,HTTP Error 500: Internal Server Error
61.303,ERR,137.03,HTTP Error 500: Internal Server Error
61.44,ERR,136.77,HTTP Error 500: Internal Server Error
61.627,ERR,186.26,HTTP Error 500: Internal Server Error
61.767,ERR,140.52,HTTP Error 500: Internal Server Error
61.894,ERR,126.69,HTTP Error 500: Internal Server Error
62.025,ERR,130.84,HTTP Error 500: Internal Server Error
62.19,ERR,165.6,HTTP Error 500: Internal Server Error
62.312,ERR,121.91,HTTP Error 500: Internal Server Error
62.435,ERR,122.73,HTTP Error 500: Internal Server Error
62.554,ERR,118.45,HTTP Error 500: Internal Server Error
62.677,ERR,123.21,HTTP Error 500: Internal Server Error
62.821,ERR,144.27,HTTP Error 500: Internal Server Error
62.954,ERR,133.44,HTTP Error 500: Internal Server Error
63.088,ERR,133.03,HTTP Error 500: Internal Server Error
63.209,ERR,121.19,HTTP Error 500: Internal Server Error
63.327,ERR,118.53,HTTP Error 500: Internal Server Error
63.449,ERR,122.16,HTTP Error 500: Internal Server Error
63.566,ERR,116.29,HTTP Error 500: Internal Server Error
63.684,ERR,118.59,HTTP Error 500: Internal Server Error
63.819,ERR,134.71,HTTP Error 500: Internal Server Error
63.936,ERR,116.51,HTTP Error 500: Internal Server Error
64.055,ERR,119.65,HTTP Error 500: Internal Server Error
64.176,ERR,121.1,HTTP Error 500: Internal Server Error
64.298,ERR,121.62,HTTP Error 500: Internal Server Error
64.423,ERR,124.5,HTTP Error 500: Internal Server Error
64.541,ERR,118.59,HTTP Error 500: Internal Server Error
64.665,ERR,123.49,HTTP Error 500: Internal Server Error
64.815,ERR,150.5,HTTP Error 500: Internal Server Error
64.934,ERR,118.45,HTTP Error 500: Internal Server Error
65.055,ERR,121.38,HTTP Error 500: Internal Server Error
65.178,ERR,123.3,HTTP Error 500: Internal Server Error
65.309,ERR,130.11,HTTP Error 500: Internal Server Error
65.432,ERR,123.93,HTTP Error 500: Internal Server Error
65.556,ERR,123.77,HTTP Error 500: Internal Server Error
65.695,ERR,138.25,HTTP Error 500: Internal Server Error
65.833,ERR,138.92,HTTP Error 500: Internal Server Error
65.966,ERR,132.66,HTTP Error 500: Internal Server Error
66.085,ERR,118.99,HTTP Error 500: Internal Server Error
66.209,ERR,123.5,HTTP Error 500: Internal Server Error
66.343,ERR,134.15,HTTP Error 500: Internal Server Error
66.464,ERR,120.53,HTTP Error 500: Internal Server Error
66.582,ERR,118.32,HTTP Error 500: Internal Server Error
66.706,ERR,123.89,HTTP Error 500: Internal Server Error
66.825,ERR,118.59,HTTP Error 500: Internal Server Error
66.943,ERR,117.97,HTTP Error 500: Internal Server Error
67.062,ERR,119.43,HTTP Error 500: Internal Server Error
67.188,ERR,126.2,HTTP Error 500: Internal Server Error
67.311,ERR,123.01,HTTP Error 500: Internal Server Error
67.432,ERR,120.7,HTTP Error 500: Internal Server Error
67.552,ERR,120.21,HTTP Error 500: Internal Server Error
67.673,ERR,120.75,HTTP Error 500: Internal Server Error
67.794,ERR,120.53,HTTP Error 500: Internal Server Error
67.913,ERR,119.57,HTTP Error 500: Internal Server Error
68.035,ERR,121.57,HTTP Error 500: Internal Server Error
68.155,ERR,119.93,HTTP Error 500: Internal Server Error
68.28,ERR,125.16,HTTP Error 500: Internal Server Error
68.4,ERR,120.35,HTTP Error 500: Internal Server Error
68.519,ERR,118.38,HTTP Error 500: Internal Server Error
68.642,ERR,122.75,HTTP Error 500: Internal Server Error
68.76,ERR,118.73,HTTP Error 500: Internal Server Error
68.878,ERR,118.16,HTTP Error 500: Internal Server Error
68.999,ERR,120.22,HTTP Error 500: Internal Server Error
69.116,ERR,117.19,HTTP Error 500: Internal Server Error
69.234,ERR,118.32,HTTP Error 500: Internal Server Error
69.354,ERR,119.4,HTTP Error 500: Internal Server Error
69.472,ERR,118.43,HTTP Error 500: Internal Server Error
69.592,ERR,120.1,HTTP Error 500: Internal Server Error
69.717,ERR,124.42,HTTP Error 500: Internal Server Error
69.834,ERR,117.04,HTTP Error 500: Internal Server Error
69.951,ERR,117.37,HTTP Error 500: Internal Server Error
70.075,ERR,123.87,HTTP Error 500: Internal Server Error
70.195,ERR,120.44,HTTP Error 500: Internal Server Error
70.316,ERR,120.12,HTTP Error 500: Internal Server Error
70.442,ERR,126.03,HTTP Error 500: Internal Server Error
70.561,ERR,119.58,HTTP Error 500: Internal Server Error
70.685,ERR,124.07,HTTP Error 500: Internal Server Error
70.804,ERR,118.99,HTTP Error 500: Internal Server Error
70.924,ERR,119.28,HTTP Error 500: Internal Server Error
71.045,ERR,120.98,HTTP Error 500: Internal Server Error
71.163,ERR,118.49,HTTP Error 500: Internal Server Error
71.285,ERR,121.67,HTTP Error 500: Internal Server Error
71.407,ERR,122.45,HTTP Error 500: Internal Server Error
71.533,ERR,125.37,HTTP Error 500: Internal Server Error
71.653,ERR,120.07,HTTP Error 500: Internal Server Error
71.779,ERR,125.84,HTTP Error 500: Internal Server Error
71.9,ERR,121.8,HTTP Error 500: Internal Server Error
72.017,ERR,116.87,HTTP Error 500: Internal Server Error
72.143,ERR,125.17,HTTP Error 500: Internal Server Error
72.261,ERR,118.49,HTTP Error 500: Internal Server Error
72.379,ERR,118.24,HTTP Error 500: Internal Server Error
72.499,ERR,120.1,HTTP Error 500: Internal Server Error
72.618,ERR,118.99,HTTP Error 500: Internal Server Error
72.742,ERR,123.27,HTTP Error 500: Internal Server Error
72.862,ERR,120.35,HTTP Error 500: Internal Server Error
72.98,ERR,117.96,HTTP Error 500: Internal Server Error
73.114,ERR,134.3,HTTP Error 500: Internal Server Error
73.291,ERR,176.2,HTTP Error 500: Internal Server Error
73.435,ERR,144.65,HTTP Error 500: Internal Server Error
73.553,ERR,117.89,HTTP Error 500: Internal Server Error
73.812,ERR,258.37,HTTP Error 500: Internal Server Error
73.962,ERR,150.84,HTTP Error 500: Internal Server Error
74.091,ERR,128.35,HTTP Error 500: Internal Server Error
74.334,ERR,242.85,HTTP Error 500: Internal Server Error
74.52,ERR,185.87,HTTP Error 500: Internal Server Error
74.677,ERR,157.24,HTTP Error 500: Internal Server Error
74.836,ERR,159.52,HTTP Error 500: Internal Server Error
74.958,ERR,121.14,HTTP Error 500: Internal Server Error
75.077,ERR,119.05,HTTP Error 500: Internal Server Error
75.196,ERR,119.48,HTTP Error 500: Internal Server Error
75.317,ERR,120.56,HTTP Error 500: Internal Server Error
75.437,ERR,119.84,HTTP Error 500: Internal Server Error
75.554,ERR,117.9,HTTP Error 500: Internal Server Error
75.678,ERR,123.79,HTTP Error 500: Internal Server Error
75.799,ERR,121.09,HTTP Error 500: Internal Server Error
75.918,ERR,119.01,HTTP Error 500: Internal Server Error
76.04,ERR,122.0,HTTP Error 500: Internal Server Error
76.163,ERR,122.83,HTTP Error 500: Internal Server Error
76.29,ERR,126.99,HTTP Error 500: Internal Server Error
76.413,ERR,122.4,HTTP Error 500: Internal Server Error
76.533,ERR,119.85,HTTP Error 500: Internal Server Error
76.652,ERR,119.04,HTTP Error 500: Internal Server Error
76.776,ERR,124.39,HTTP Error 500: Internal Server Error
76.911,ERR,135.11,HTTP Error 500: Internal Server Error
77.159,200,247.72,
77.385,200,225.79,
77.606,200,221.03,
77.826,200,220.46,
78.035,200,208.95,
78.243,200,207.69,
78.453,200,210.49,
78.66,200,206.4,
78.87,200,210.44,
79.087,200,216.21,
79.299,200,211.88,
79.511,200,212.24,
79.719,200,208.22,
79.933,200,213.84,
80.14,200,207.58,
80.346,200,205.19,
80.549,200,203.65,
80.765,200,215.29,
80.965,200,199.97,
81.18,200,215.65,
81.392,200,211.19,
81.617,200,225.5,
81.83,200,213.05,
82.042,200,212.16,
82.293,200,250.96,
82.506,200,213.23,
82.721,200,214.47,
82.948,200,227.21,
83.169,200,220.55,
83.405,200,235.97,
83.622,200,217.69,
83.838,200,215.98,
84.05,200,211.15,
84.255,200,205.31,
84.471,200,216.26,
84.68,200,208.35,
84.883,200,203.35,
85.102,200,218.79,
85.314,200,211.93,
85.527,200,213.69,
85.742,200,214.88,
85.966,200,223.29,
86.177,200,211.71,
86.408,200,230.41,
86.618,200,209.84,
86.829,200,211.57,
87.041,200,211.96,
87.25,200,208.61,
87.471,200,220.93,
87.679,200,208.04,
87.891,200,212.55,
88.096,200,204.57,
88.304,200,207.98,
88.515,200,210.74,
88.748,200,232.84,
89.038,200,289.96,
89.283,200,245.73,
89.53,200,247.04,
89.767,200,236.24,
89.982,200,214.84,
90.249,200,267.3,
90.46,200,210.88,
90.735,200,275.46,
90.966,200,231.05,
91.179,200,212.92,
91.404,200,224.82,
91.631,200,226.46,
91.847,200,216.28,
92.073,200,226.27,
92.289,200,215.91,
92.516,200,226.41,
92.725,200,209.14,
92.935,200,210.37,
93.153,200,217.73,
93.368,200,214.74,
93.594,200,226.68,
93.817,200,222.87,
94.023,200,206.15,
94.237,200,213.69,
94.451,200,214.29,
94.666,200,214.39,
94.871,200,205.23,
95.078,200,207.15,
95.3,200,221.44,
95.529,200,229.08,
95.752,200,223.5,
95.974,200,221.45,
96.185,200,211.14,
96.45,200,264.9,
96.663,200,213.29,
96.896,200,233.12,
97.12,200,223.77,
97.336,200,216.21,
97.61,200,273.63,
97.822,200,211.87,
98.031,200,208.76,
98.243,200,212.85,
98.448,200,204.89,
98.664,200,216.07,
98.871,200,206.31,
99.081,200,210.65,
99.299,200,217.83,
99.511,200,211.24,
99.723,200,212.0,
99.935,200,211.96,
100.203,200,268.35,
100.42,200,217.02,
100.633,200,212.67,
100.847,200,214.6,
101.057,200,210.19,
101.286,200,228.6,
101.499,200,213.05,
101.715,200,215.45,
101.93,200,215.49,
102.147,200,217.14,
102.365,200,217.19,
102.577,200,212.34,
102.796,200,219.2,
103.014,200,217.68,
103.222,200,208.47,
103.443,200,220.26,
103.709,200,266.13,
104.113,200,404.55,
104.561,200,447.75,
104.842,200,280.63,
105.059,200,217.02,
105.274,200,214.87,
105.483,200,208.9,
105.689,200,206.54,
105.947,200,257.94,
106.165,200,217.9,
106.404,200,238.9,
106.609,200,204.65,
106.815,200,206.74,
107.034,200,218.8,
107.24,200,205.64,
107.459,200,219.29,
107.671,200,212.13,
107.878,200,206.45,
108.095,200,217.04,
108.302,200,207.33,
108.515,200,212.6,
108.72,200,205.27,
108.926,200,206.14,
109.145,200,218.29,
109.353,200,208.27,
109.57,200,216.97,
109.775,200,204.66,
109.997,200,222.71,
110.255,200,257.73,
110.461,200,206.37,
110.664,200,202.57,
110.877,200,213.29,
111.092,200,214.52,
111.309,200,217.01,
111.535,200,226.39,
111.752,200,216.59,
111.969,200,217.19,
112.181,200,211.88,
112.396,200,215.25,
112.614,200,218.04,
112.823,200,208.56,
113.043,200,220.08,
113.259,200,216.1,
113.468,200,209.22,
113.68,200,211.95,
113.896,200,215.73,
114.112,200,216.26,
114.321,200,208.22,
114.539,200,218.76,
114.744,200,205.08,
114.961,200,216.8,
115.252,200,291.1,
115.483,200,230.88,
115.699,200,216.19,
115.954,200,254.82,
116.173,200,218.84,
116.436,200,263.15,
116.645,200,208.97,
116.856,200,210.98,
117.082,200,225.86,
117.291,200,209.03,
117.514,200,223.09,
117.728,200,214.05,
117.935,200,206.6,
118.154,200,219.09,
118.366,200,211.48,
118.577,200,211.39,
118.984,200,406.84,
119.198,200,214.41,
119.679,200,480.33,
119.884,200,205.14,
120.147,200,263.04,
120.356,200,209.54,
120.594,200,237.64,
120.866,200,271.71,
121.072,200,205.69,
121.29,200,218.7,
121.498,200,207.49,
121.708,200,209.69,
121.944,200,236.67,
122.154,200,210.14,
122.374,200,219.57,
122.582,200,207.56,
122.789,200,207.88,
123.002,200,212.32,
123.212,200,210.56,
123.477,200,265.14,
123.681,200,203.76,
123.889,200,208.06,
124.092,200,202.21,
124.292,200,200.24,
124.505,200,212.68,
124.71,200,205.7,
124.924,200,213.37,
125.15,200,226.05,
125.354,200,204.79,
125.568,200,213.15,
125.773,200,205.47,
125.987,200,213.79,
126.204,200,217.25,
126.436,200,231.6,
126.651,200,215.53,
126.858,200,206.37,
127.064,200,206.07,
127.276,200,211.82,
127.478,200,202.5,
127.69,200,211.81,
127.898,200,207.67,
128.107,200,209.27,
128.348,200,241.22,
128.557,200,208.46,
128.784,200,227.32,
128.993,200,209.29,
129.204,200,210.24,
129.418,200,214.82,
129.617,200,198.92,
129.828,200,211.04,
130.033,200,204.01,
130.273,200,240.43,
130.497,200,223.62,
130.734,200,237.17,
130.949,200,215.18,
131.154,200,204.81,
131.369,200,214.98,
131.594,200,225.57,
131.813,200,218.9,
132.015,200,202.14,
132.225,200,209.51,
132.444,200,218.72,
132.652,200,207.82,
132.867,200,215.08,
133.083,200,215.86,
133.289,200,206.32,
133.519,200,229.79,
133.799,200,279.91,
134.045,200,246.37,
134.306,200,261.04,
134.835,200,528.59,
135.048,200,213.08,
135.254,200,206.51,
135.461,200,206.76,
135.672,200,210.99,
135.905,200,232.63,
136.11,200,205.46,
136.331,200,220.5,
136.54,200,209.01,
136.752,200,211.87,
136.973,200,221.1,
137.175,200,202.17,
137.392,200,216.94,
137.624,200,232.04,
137.832,200,207.67,
138.047,200,215.67,
138.256,200,208.14,
138.47,200,214.53,
138.686,200,215.45,
138.89,200,204.18,
139.116,200,226.2,
139.332,200,216.27,
139.544,200,211.34,
139.75,200,206.68,
139.959,200,208.45,
140.259,200,300.02,
140.464,200,204.83,
140.668,200,203.85,
140.88,200,212.27,
141.09,200,209.73,
141.307,200,217.72,
141.523,200,216.14,
141.731,200,207.53,
141.947,200,215.77,
142.161,200,213.76,
142.375,200,214.58,
142.578,200,203.14,
142.784,200,205.55,
143.005,200,221.44,
143.207,200,201.42,
143.431,200,223.89,
143.637,200,206.65,
143.844,200,206.89,
144.061,200,216.47,
144.271,200,209.81,
144.521,200,250.21,
144.76,200,239.64,
144.994,200,233.32,
145.252,200,258.31,
145.473,200,221.05,
145.68,200,206.37,
145.905,200,224.97,
146.121,200,216.28,
146.351,200,230.28,
146.563,200,211.92,
146.776,200,212.73,
146.997,200,220.92,
147.209,200,212.5,
147.439,200,229.81,
147.649,200,209.68,
147.873,200,224.3,
148.094,200,221.06,
148.309,200,215.13,
148.532,200,222.73,
148.766,200,233.67,
149.012,200,245.85,
149.247,200,235.2,
149.473,200,225.79,
149.687,200,214.52,
149.971,200,283.26,
150.25,200,279.08,
150.473,200,223.69,
150.689,200,215.26,
150.995,200,306.18,
151.218,200,223.63,
151.439,200,220.2,
151.656,200,217.47,
151.863,200,206.94,
152.085,200,221.59,
152.301,200,215.98,
152.522,200,221.34,
152.734,200,212.32,
152.942,200,207.61,
153.164,200,221.68,
153.375,200,211.11,
153.602,200,226.62,
153.809,200,207.0,
154.018,200,209.7,
154.233,200,215.1,
154.443,200,209.18,
154.656,200,213.06,
154.866,200,210.51,
155.072,200,206.08,
155.293,200,220.98,
155.507,200,213.25,
155.723,200,216.36,
155.952,200,229.39,
156.162,200,209.34,
156.449,200,287.26,
156.655,200,206.33,
156.87,200,214.96,
157.081,200,210.29,
157.294,200,213.12,
157.521,200,227.58,
157.736,200,214.72,
157.952,200,215.69,
158.161,200,209.26,
158.375,200,214.15,
158.589,200,213.18,
158.802,200,213.21,
159.014,200,211.83,
159.228,200,214.64,
159.436,200,207.55,
159.653,200,216.69,
159.86,200,207.15,
160.087,200,227.03,
160.379,200,292.03,
160.587,200,208.08,
160.802,200,215.4,
161.014,200,211.81,
161.231,200,216.74,
161.451,200,220.44,
161.672,200,220.79,
161.893,200,220.46,
162.107,200,213.85,
162.317,200,210.8,
162.535,200,217.48,
162.741,200,206.44,
162.956,200,215.0,
163.164,200,207.48,
163.381,200,217.38,
163.592,200,210.65,
163.966,200,373.64,
164.242,200,276.28,
164.606,200,364.08,
164.816,200,210.35,
165.029,200,212.7,
165.238,200,209.21,
165.447,200,208.14,
165.654,200,207.0,
165.879,200,225.28,
166.086,200,207.57,
166.304,200,217.59,
166.511,200,207.14,
166.725,200,213.3,
166.942,200,217.06,
167.149,200,207.87,
167.372,200,222.8,
167.591,200,218.54,
167.796,200,205.4,
168.01,200,213.6,
168.215,200,204.6,
168.433,200,218.8,
168.64,200,206.95,
168.853,200,213.09,
169.069,200,215.92,
169.275,200,205.8,
169.488,200,212.33,
169.693,200,205.6,
169.894,200,200.48,
170.103,200,208.93,
170.329,200,226.04,
170.555,200,226.0,
170.77,200,215.76,
170.974,200,203.14,
171.174,200,200.7,
171.388,200,213.33,
171.606,200,218.4,
171.818,200,211.92,
172.023,200,204.48,
172.229,200,206.59,
172.45,200,221.02,
172.651,200,200.46,
172.856,200,205.76,
173.062,200,205.98,
173.266,200,203.88,
173.479,200,212.52,
173.684,200,205.36,
173.933,200,248.68,
174.139,200,205.68,
174.346,200,207.08,
174.556,200,210.49,
174.767,200,210.29,
174.98,200,213.64,
175.243,200,263.05,
175.479,200,235.61,
175.693,200,214.28,
175.952,200,258.88,
176.166,200,214.23,
176.403,200,236.34,
176.612,200,209.08,
176.818,200,206.39,
177.045,200,226.28,
177.252,200,207.77,
177.476,200,223.65,
177.686,200,210.36,
177.891,200,204.82,
178.104,200,212.88,
178.309,200,204.91,
178.518,200,208.62,
178.756,200,238.47,
179.071,200,314.4,
179.345,200,274.04,
179.735,200,390.3,
179.95,200,214.68,
180.175,200,224.89,
180.402,200,227.75,
180.649,200,246.59,
180.865,200,215.66,
181.134,200,269.28,
181.36,200,226.37,
181.58,200,219.34,
181.787,200,207.43,
182.003,200,215.37,
182.213,200,210.64,
182.428,200,214.98,
182.63,200,202.06,
182.834,200,203.3,
183.048,200,214.47,
183.252,200,203.9,
183.463,200,210.71,
183.664,200,200.96,
183.87,200,206.49,
184.081,200,211.03,
184.289,200,207.28,
184.504,200,215.48,
184.709,200,204.71,
184.916,200,207.28,
185.148,200,231.33,
185.354,200,206.04,
185.567,200,213.18,
185.786,200,219.66,
186.002,200,215.69,
186.211,200,208.49,
186.443,200,232.44,
186.649,200,206.12,
186.854,200,204.33,
187.057,200,203.2,
187.265,200,208.35,
187.465,200,199.95,
187.673,200,208.3,
187.882,200,208.62,
188.086,200,204.1,
188.299,200,212.71,
188.503,200,204.16,
188.713,200,209.72,
188.925,200,211.8,
189.127,200,201.81,
189.349,200,222.42,
189.555,200,205.62,
189.754,200,199.03,
189.962,200,208.35,
190.206,200,243.59,
190.428,200,221.88,
190.64,200,212.35,
190.861,200,221.2,
191.076,200,214.89,
191.323,200,247.0,
191.571,200,248.1,
191.795,200,223.51,
192.032,200,237.33,
192.24,200,208.23,
192.452,200,211.5,
192.662,200,210.53,
192.874,200,211.14,
193.097,200,223.08,
193.311,200,214.75,
193.527,200,215.78,
193.865,200,338.13,
194.129,200,264.05,
194.588,200,458.55,
194.792,200,204.31,
195.0,200,207.96,
195.24,200,239.76,
195.445,200,205.29,
195.646,200,200.61,
195.88,200,233.77,
196.082,200,202.68,
196.299,200,216.57,
196.5,200,201.3,
196.713,200,213.03,
196.926,200,212.98,
197.142,200,215.92,
197.364,200,221.99,
197.584,200,220.06,
197.799,200,214.28,
198.03,200,231.54,
198.245,200,214.47,
198.461,200,216.01,
198.669,200,207.75,
198.883,200,214.57,
199.1,200,216.52,
199.306,200,206.73,
199.527,200,220.74,
199.74,200,212.83,
199.95,200,209.76,
200.257,200,306.84,
200.467,200,209.82,
200.684,200,217.04,
200.907,200,223.86,
201.118,200,210.22,
201.334,200,215.95,
201.558,200,224.58,
201.766,200,207.32,
201.984,200,218.85,
202.196,200,211.21,
202.405,200,209.75,
202.608,200,202.02,
202.81,200,202.14,
203.024,200,213.95,
203.229,200,205.38,
203.44,200,210.46,
203.641,200,201.69,
203.851,200,209.29,
204.061,200,210.75,
204.269,200,207.31,
204.482,200,213.23,
204.687,200,205.57,
204.905,200,217.8,
205.134,200,228.43,
205.344,200,210.48,
205.549,200,204.79,
205.762,200,213.44,
205.99,200,227.38,
206.206,200,216.45,
206.438,200,231.84,
206.642,200,204.0,
206.859,200,216.57,
207.073,200,213.69,
207.286,200,213.58,
207.536,200,249.7,
207.74,200,204.17,
207.957,200,217.24,
208.162,200,204.48,
208.375,200,213.42,
208.585,200,209.83,
208.808,200,223.07,
209.07,200,261.85,
209.31,200,239.91,
209.533,200,223.2,
209.756,200,223.12,
209.982,200,225.62,
210.239,200,256.98,
210.446,200,206.53,
210.665,200,219.16,
210.941,200,276.33,
211.246,200,305.29,
211.471,200,224.64,
211.68,200,209.2,
211.886,200,205.24,
212.109,200,223.1,
212.337,200,227.9,
212.552,200,215.78,
212.762,200,209.14,
212.969,200,207.44,
213.185,200,216.36,
213.401,200,215.86,
213.624,200,222.39,
213.827,200,203.74,
214.032,200,204.62,
214.246,200,214.13,
214.464,200,218.17,
214.673,200,209.06,
214.876,200,202.8,
215.079,200,202.57,
215.291,200,212.17,
215.502,200,211.17,
215.713,200,211.1,
215.939,200,225.9,
216.157,200,217.55,
216.404,200,247.04,
216.608,200,204.44,
216.822,200,213.76,
217.027,200,205.24,
217.232,200,204.37,
217.482,200,250.04,
217.69,200,208.4,
217.902,200,212.13,
218.11,200,207.38,
218.324,200,214.59,
218.533,200,208.57,
218.733,200,199.84,
218.944,200,211.34,
219.146,200,201.57,
219.361,200,215.34,
219.571,200,210.25,
219.773,200,201.77,
220.065,200,291.29,
220.277,200,212.68,
220.514,200,236.86,
220.731,200,216.79,
220.963,200,232.49,
221.181,200,217.21,
221.393,200,212.08,
221.62,200,227.5,
221.834,200,213.76,
222.04,200,206.15,
222.275,200,234.52,
222.494,200,218.69,
222.709,200,215.87,
222.923,200,213.19,
223.129,200,206.59,
223.342,200,212.29,
223.561,200,219.58,
223.907,200,346.2,
224.19,200,282.72,
224.59,200,399.54,
224.816,200,225.93,
225.038,200,222.23,
225.253,200,215.15,
225.462,200,209.26,
225.689,200,226.33,
225.941,200,252.45,
226.154,200,212.86,
226.396,200,242.49,
226.599,200,202.11,
226.813,200,214.17,
227.019,200,206.36,
227.225,200,205.97,
227.437,200,212.24,
227.646,200,208.2,
227.859,200,213.23,
228.066,200,206.75,
228.27,200,204.42,
228.485,200,214.57,
228.687,200,202.68,
228.897,200,209.91,
229.106,200,208.33,
229.316,200,210.12,
229.535,200,218.68,
229.74,200,205.81,
229.954,200,213.49,
230.181,200,226.75,
230.41,200,229.12,
230.62,200,210.52,
230.838,200,218.03,
231.07,200,231.27,
231.287,200,217.64,
231.494,200,206.84,
231.706,200,211.86,
231.916,200,209.47,
232.12,200,204.65,
232.34,200,219.49,
232.546,200,205.98,
232.75,200,203.88,
232.961,200,211.08,
233.166,200,205.46,
233.381,200,214.6,
233.587,200,205.78,
233.794,200,206.93,
234.008,200,214.47,
234.212,200,203.98,
234.423,200,210.97,
234.624,200,200.44,
234.828,200,204.81,
235.041,200,212.41,
235.244,200,203.42,
235.469,200,225.23,
235.677,200,207.7,
235.95,200,272.68,
236.157,200,207.45,
236.375,200,218.1,
236.595,200,219.15,
236.8,200,205.72,
237.013,200,212.49,
237.217,200,204.27,
237.428,200,211.04,
237.638,200,210.24,
237.843,200,204.72,
238.055,200,211.62,
238.257,200,202.57,
238.468,200,210.53,
238.693,200,224.57,
238.918,200,225.26,
239.179,200,261.48,
239.527,200,347.92,
239.844,200,316.56,
240.054,200,210.01,
240.268,200,213.74,
240.472,200,204.79,
240.687,200,214.68,
240.901,200,213.95,
241.138,200,236.86,
241.422,200,283.45,
241.633,200,211.83,
241.857,200,223.79,
242.072,200,214.96,
242.283,200,211.22,
242.493,200,209.81,
242.7,200,206.52,
242.899,200,199.46,
243.108,200,208.71,
243.308,200,199.85,
243.517,200,209.51,
243.723,200,205.92,
243.93,200,207.04,
244.147,200,216.49,
244.35,200,202.89,
244.559,200,209.72,
244.762,200,202.89,
244.965,200,202.43,
245.242,200,276.95,
245.449,200,207.19,
245.654,200,205.44,
245.878,200,223.07,
246.088,200,210.81,
246.347,200,258.61,
246.555,200,208.45,
246.78,200,224.6,
246.997,200,216.77,
247.202,200,204.76,
247.414,200,212.15,
247.626,200,212.26,
247.84,200,213.83,
248.054,200,213.71,
248.263,200,208.82,
248.484,200,221.05,
248.689,200,205.58,
248.895,200,206.13,
249.112,200,216.38,
249.321,200,209.26,
249.53,200,208.75,
249.736,200,206.59,
249.944,200,207.86,
250.169,200,224.3,
250.393,200,224.72,
250.6,200,206.78,
250.814,200,213.92,
251.037,200,222.4,
251.266,200,229.87,
251.474,200,207.88,
251.684,200,210.01,
251.892,200,208.02,
252.111,200,218.72,
252.321,200,210.31,
252.528,200,206.41,
252.734,200,205.73,
252.944,200,210.51,
253.143,200,198.92,
253.359,200,216.26,
253.567,200,207.33,
253.92,200,352.91,
254.17,200,250.11,
254.56,200,389.95,
254.806,200,246.62,
255.02,200,213.53,
255.239,200,219.4,
255.458,200,219.02,
255.684,200,225.59,
255.948,200,263.56,
256.181,200,233.54,
256.445,200,263.59,
256.652,200,207.63,
256.879,200,226.79,
257.108,200,228.52,
257.319,200,210.7,
257.53,200,211.22,
257.738,200,207.84,
257.941,200,203.69,
258.166,200,225.03,
258.408,200,241.89,
258.623,200,214.49,
258.833,200,209.95,
259.039,200,205.94,
259.257,200,218.33,
259.471,200,214.15,
259.676,200,205.15,
259.884,200,207.87,
260.089,200,205.09,
260.332,200,242.77,
260.548,200,215.43,
260.758,200,209.96,
260.969,200,211.49,
261.191,200,221.66,
261.412,200,221.0,
261.631,200,219.02,
261.848,200,217.57,
262.058,200,210.02,
262.265,200,206.33,
262.482,200,216.58,
262.687,200,205.71,
262.897,200,209.73,
263.1,200,203.16,
263.313,200,212.42,
263.527,200,214.15,
263.729,200,202.37,
263.958,200,228.83,
264.165,200,207.08,
264.379,200,213.46,
264.594,200,214.91,
264.807,200,213.41,
265.031,200,223.87,
265.242,200,211.01,
265.469,200,226.83,
265.675,200,206.27,
265.9,200,225.06,
266.121,200,221.2,
266.376,200,254.69,
266.583,200,206.54,
266.793,200,210.27,
267.012,200,219.41,
267.22,200,207.68,
267.433,200,213.14,
267.638,200,204.66,
267.848,200,210.21,
268.056,200,207.86,
268.261,200,204.77,
268.473,200,212.39,
268.683,200,210.3,
268.974,200,290.82,
269.243,200,268.21,
269.456,200,213.41,
269.675,200,218.86,
269.964,200,288.81,
270.247,200,283.53,
270.524,200,276.52,
270.73,200,206.59,
270.945,200,214.74,
271.149,200,204.26,
271.45,200,300.92,
271.661,200,210.35,
271.87,200,208.81,
272.089,200,219.89,
272.301,200,211.37,
272.524,200,223.54,
272.731,200,206.93,
272.944,200,212.93,
273.157,200,213.06,
273.368,200,210.71,
273.581,200,213.19,
273.785,200,203.79,
273.991,200,206.33,
274.201,200,209.46,
274.404,200,202.78,
274.617,200,212.86,
274.824,200,207.52,
275.03,200,205.71,
275.246,200,215.94,
275.449,200,203.37,
275.651,200,201.88,
275.868,200,217.04,
276.078,200,210.08,
276.303,200,224.4,
276.521,200,218.58,
276.733,200,212.11,
276.948,200,214.76,
277.162,200,213.53,
277.38,200,218.68,
277.615,200,235.05,
277.822,200,206.37,
278.036,200,213.96,
278.24,200,204.48,
278.458,200,217.22,
278.665,200,207.74,
278.866,200,200.54,
279.079,200,213.52,
279.288,200,208.37,
279.5,200,212.4,
279.707,200,207.13,
279.915,200,207.17,
280.153,200,238.76,
280.376,200,222.76,
280.716,200,339.83,
280.94,200,224.27,
281.148,200,207.42,
281.375,200,227.48,
281.6,200,224.77,
281.817,200,216.9,
282.033,200,216.33,
282.244,200,210.94,
282.459,200,214.77,
282.664,200,205.03,
282.877,200,212.92,
283.084,200,206.91,
283.29,200,206.32,
283.501,200,210.8,
283.777,200,276.13,
284.024,200,246.71,
284.245,200,221.18,
284.635,200,389.96,
284.9,200,264.49,
285.105,200,205.16,
285.316,200,211.3,
285.524,200,208.22,
285.739,200,214.24,
285.962,200,223.39,
286.172,200,209.5,
286.387,200,215.04,
286.594,200,207.44,
286.813,200,219.23,
287.026,200,212.46,
287.237,200,211.46,
287.497,200,259.75,
287.718,200,220.78,
287.937,200,219.38,
288.143,200,205.75,
288.351,200,207.48,
288.563,200,212.32,
288.768,200,205.1,
288.984,200,216.43,
289.187,200,202.88,
289.392,200,204.62,
289.603,200,211.38,
289.812,200,208.56,
290.026,200,213.96,
290.243,200,217.37,
290.469,200,225.92,
290.673,200,204.17,
290.897,200,223.32,
291.126,200,229.02,
291.349,200,222.96,
291.58,200,231.45,
291.787,200,206.68,
292.01,200,223.06,
292.217,200,207.26,
292.444,200,226.85,
292.659,200,214.36,
292.876,200,217.35,
293.094,200,218.35,
293.328,200,233.64,
293.547,200,218.97,
293.752,200,205.26,
293.97,200,217.94,
294.188,200,217.65,
294.392,200,203.72,
294.607,200,215.75,
294.815,200,207.35,
295.03,200,215.0,
295.262,200,232.37,
295.55,200,287.62,
295.815,200,265.57,
296.083,200,267.23,
296.3,200,217.33,
296.516,200,215.8,
296.729,200,212.76,
296.939,200,210.78,
297.154,200,214.88,
297.366,200,211.69,
297.62,200,253.91,
297.829,200,209.41,
298.038,200,208.67,
298.254,200,216.11,
298.463,200,209.01,
298.701,200,238.11,
299.043,200,341.44,
299.271,200,228.13,
299.702,200,430.77,
299.929,200,227.15,
300.157,200,228.42,
300.371,200,213.35,
300.61,200,238.83,
300.821,200,211.12,
301.025,200,204.71,
301.256,200,230.98,
301.544,200,287.6,
301.752,200,207.87,
301.964,200,211.81,
302.167,200,202.84,
302.379,200,212.6,
302.587,200,207.42,
302.79,200,203.13,
303.006,200,215.83,
303.205,200,199.57,
303.42,200,214.4,
303.623,200,203.84,
303.826,200,202.74,
304.05,200,223.24,
304.254,200,204.08,
304.466,200,212.35,
304.671,200,205.26,
304.875,200,203.43,
305.093,200,218.26,
305.334,200,240.67,
305.546,200,212.04,
305.764,200,218.72,
305.982,200,217.65,
306.187,200,204.37,
306.452,200,265.5,
306.657,200,205.11,
306.874,200,216.63,
307.086,200,211.93,
307.293,200,207.02,
307.51,200,217.07,
307.724,200,213.82,
307.949,200,225.27,
308.16,200,210.83,
308.368,200,207.68,
308.578,200,210.47,
308.784,200,206.0,
308.999,200,215.16,
309.202,200,202.54,
309.41,200,208.02,
309.63,200,220.37,
309.841,200,210.28,
310.153,200,312.47,
310.374,200,220.91,
310.589,200,215.49,
310.803,200,213.23,
311.011,200,208.24,
311.236,200,224.55,
311.454,200,218.11,
311.694,200,240.48,
311.908,200,214.0,
312.123,200,214.93,
312.341,200,218.26,
312.558,200,216.24,
312.772,200,213.92,
312.986,200,214.7,
313.199,200,212.47,
313.414,200,215.22,
313.628,200,213.53,
314.054,200,426.38,
314.343,200,289.24,
314.668,200,324.3,
314.883,200,215.04,
315.09,200,207.56,
315.304,200,213.6,
315.52,200,216.14,
315.746,200,225.63,
315.963,200,216.88,
316.169,200,206.1,
316.395,200,226.64,
316.608,200,212.59,
316.822,200,214.22,
317.042,200,219.68,
317.244,200,201.74,
317.46,200,216.36,
317.67,200,209.8,
317.88,200,209.92,
318.103,200,222.82,
318.314,200,211.11,
318.53,200,216.73,
318.75,200,219.79,
318.961,200,211.15,
319.178,200,216.25,
319.393,200,215.49,
319.612,200,219.03,
319.824,200,212.12,
320.051,200,226.11,
320.264,200,213.83,
320.48,200,215.7,
320.688,200,207.77,
320.906,200,218.02,
321.111,200,204.98,
321.326,200,214.77,
321.547,200,221.18,
321.765,200,218.26,
321.987,200,222.22,
322.204,200,216.36,
322.416,200,212.69,
322.626,200,209.73,
322.832,200,206.06,
323.041,200,209.08,
323.246,200,204.14,
323.46,200,214.31,
323.661,200,201.29,
323.876,200,215.0,
324.089,200,213.02,
324.298,200,208.65,
324.51,200,211.96,
324.717,200,206.54,
324.928,200,211.13,
325.159,200,231.68,
325.383,200,223.16,
325.597,200,214.74,
325.82,200,222.67,
326.031,200,210.5,
326.263,200,232.37,
326.485,200,222.23,
326.698,200,212.37,
326.909,200,211.1,
327.118,200,209.49,
327.342,200,223.84,
327.551,200,209.41,
327.759,200,207.26,
327.976,200,217.22,
328.196,200,220.46,
328.409,200,212.96,
328.617,200,207.44,
328.909,200,292.07,
329.135,200,225.94,
329.346,200,211.22,
329.571,200,224.59,
329.797,200,226.48,
330.062,200,265.05,
330.285,200,222.39,
330.532,200,247.4,
330.742,200,209.97,
330.958,200,215.98,
331.165,200,206.7,
331.384,200,219.01,
331.669,200,285.38,
331.891,200,221.46,
332.116,200,225.44,
332.329,200,212.23,
332.546,200,217.78,
332.754,200,208.13,
332.959,200,204.77,
333.174,200,214.83,
333.382,200,208.13,
333.597,200,214.55,
333.807,200,209.91,
334.011,200,204.05,
334.227,200,216.29,
334.432,200,204.69,
334.643,200,211.0,
334.85,200,207.52,
335.059,200,208.77,
335.275,200,215.94,
335.482,200,206.7,
335.692,200,210.58,
335.947,200,254.88,
336.167,200,219.47,
336.443,200,275.8,
336.646,200,203.05,
336.855,200,209.75,
337.074,200,218.83,
337.328,200,253.77,
337.587,200,258.55,
338.18,200,593.68,
338.462,200,282.08,
338.677,200,214.77,
338.887,200,209.59,
339.094,200,207.52,
339.303,200,208.13,
339.506,200,203.19,
339.719,200,212.77,
339.925,200,206.55,
340.156,200,231.22,
340.368,200,211.71,
340.572,200,203.43,
340.786,200,214.83,
340.995,200,209.05,
341.242,200,246.11,
341.447,200,205.15,
341.658,200,211.22,
341.871,200,212.69,
342.078,200,207.01,
342.295,200,217.07,
342.511,200,216.68,
342.722,200,210.97,
342.942,200,219.52,
343.151,200,209.22,
343.366,200,214.9,
343.588,200,222.25,
343.958,200,370.04,
344.201,200,242.04,
344.638,200,437.68,
344.871,200,232.5,
345.072,200,201.62,
345.281,200,208.37,
345.486,200,205.47,
345.689,200,202.79,
345.949,200,260.27,
346.155,200,205.52,
346.373,200,218.33,
346.578,200,204.85,
346.794,200,215.47,
347.01,200,216.36,
347.22,200,209.54,
347.437,200,217.45,
347.647,200,210.06,
347.85,200,202.49,
348.062,200,212.79,
348.267,200,204.46,
348.476,200,209.41,
348.69,200,214.17,
348.898,200,207.55,
349.115,200,216.56,
349.32,200,205.5,
349.534,200,213.47,
349.743,200,208.89,
349.977,200,234.05,
350.248,200,271.75,
350.537,200,288.23,
350.749,200,212.37,
350.993,200,244.3,
351.214,200,220.59,
351.429,200,215.39,
351.642,200,212.89,
351.859,200,217.24,
352.096,200,237.01,
352.306,200,209.54,
352.519,200,213.28,
352.725,200,205.54,
352.932,200,207.05,
353.144,200,211.83,
353.347,200,203.0,
353.56,200,213.49,
353.769,200,208.64,
353.978,200,209.26,
354.194,200,215.19,
354.407,200,212.94,
354.621,200,214.43,
354.829,200,208.1,
355.04,200,210.71,
355.257,200,217.31,
355.488,200,230.48,
355.696,200,208.69,
355.949,200,252.41,
356.153,200,203.96,
356.371,200,218.55,
356.574,200,202.6,
356.79,200,216.24,
357.007,200,216.83,
357.209,200,201.8,
357.425,200,216.17,
357.633,200,207.76,
357.842,200,209.39,
358.049,200,207.17,
358.253,200,203.98,
358.465,200,211.55,
358.701,200,236.28,
359.1,200,399.03,
359.47,200,369.29,
359.765,200,295.03,
359.981,200,216.75,
360.241,200,259.84,
360.456,200,215.05,
360.673,200,216.93,
360.896,200,222.89,
361.105,200,208.37,
361.319,200,214.74,
361.533,200,213.87,
361.835,200,301.93,
362.047,200,212.26,
362.254,200,206.39,
362.467,200,213.18,
362.671,200,204.02,
362.878,200,206.92,
363.092,200,214.08,
363.293,200,200.52,
363.507,200,214.6,
363.708,200,200.56,
363.91,200,202.28,
364.12,200,209.95,
364.324,200,203.63,
364.533,200,209.28,
364.735,200,201.95,
364.94,200,204.5,
365.169,200,229.03,
365.375,200,205.87,
365.579,200,204.21,
365.794,200,215.05,
366.007,200,213.29,
366.217,200,210.01,
366.452,200,234.81,
366.655,200,202.68,
366.871,200,216.61,
367.081,200,209.31,
367.304,200,223.55,
367.511,200,206.17,
367.718,200,207.08,
367.933,200,215.15,
368.137,200,204.62,
368.354,200,216.54,
368.563,200,209.01,
368.766,200,202.87,
368.979,200,212.72,
369.192,200,212.92,
369.404,200,212.85,
369.614,200,209.98,
369.819,200,204.33,
370.031,200,211.68,
370.25,200,219.87,
370.474,200,223.16,
370.68,200,206.67,
370.902,200,221.78,
371.118,200,215.5,
371.342,200,224.17,
371.564,200,221.72,
371.77,200,206.09,
371.999,200,229.2,
372.225,200,226.28,
372.446,200,221.13,
372.653,200,206.7,
372.861,200,207.97,
373.079,200,218.18,
373.297,200,217.41,
373.514,200,217.31,
373.791,200,277.05,
374.079,200,287.7,
374.386,200,307.09,
374.74,200,354.04,
374.951,200,211.32,
375.168,200,216.56,
375.376,200,208.38,
375.584,200,207.33,
375.797,200,213.23,
376.01,200,213.63,
376.219,200,208.94,
376.463,200,243.46,
376.667,200,204.55,
376.881,200,213.47,
377.085,200,204.19,
377.294,200,209.29,
377.566,200,271.69,
377.767,200,200.77,
377.981,200,213.62,
378.182,200,201.12,
378.395,200,212.96,
378.596,200,201.73,
378.805,200,208.64,
379.025,200,219.84,
379.269,200,244.4,
379.498,200,228.84,
379.707,200,208.59,
379.917,200,210.44,
380.157,200,239.46,
380.362,200,205.49,
380.574,200,211.47,
380.793,200,219.04,
381.004,200,210.89,
381.234,200,230.19,
381.449,200,214.96,
381.663,200,214.32,
381.88,200,216.6,
382.096,200,215.77,
382.4,200,303.99,
382.654,200,254.63,
382.873,200,219.08,
383.099,200,225.8,
383.316,200,217.08,
383.537,200,221.04,
383.744,200,206.25,
383.959,200,215.75,
384.172,200,212.3,
384.381,200,209.5,
384.6,200,219.05,
384.812,200,211.31,
385.023,200,211.02,
385.246,200,222.78,
385.474,200,228.26,
385.681,200,206.97,
385.949,200,267.7,
386.179,200,230.37,
386.426,200,247.47,
386.651,200,225.04,
386.88,200,228.0,
387.108,200,228.32,
387.322,200,213.64,
387.548,200,226.74,
387.762,200,213.59,
387.973,200,210.85,
388.191,200,218.45,
388.398,200,207.15,
388.611,200,212.44,
388.91,200,298.82,
389.166,200,256.73,
389.477,200,310.72,
389.747,200,269.36,
389.965,200,218.48,
390.29,200,325.33,
390.644,200,353.48,
390.895,200,251.2,
391.116,200,220.86,
391.329,200,213.07,
391.576,200,246.62,
391.848,200,272.25,
392.06,200,212.32,
392.282,200,221.31,
392.506,200,224.02,
392.72,200,213.88,
392.954,200,234.66,
393.165,200,211.13,
393.389,200,223.64,
393.597,200,207.47,
393.813,200,216.79,
394.018,200,204.28,
394.222,200,204.02,
394.443,200,221.02,
394.646,200,203.09,
394.865,200,219.36,
395.071,200,205.69,
395.287,200,216.12,
395.497,200,209.5,
395.702,200,205.71,
395.95,200,247.35,
396.169,200,218.73,
396.404,200,235.2,
396.618,200,213.8,
396.835,200,217.42,
397.052,200,217.47,
397.267,200,214.2,
397.517,200,250.68,
397.735,200,217.45,
397.957,200,222.01,
398.173,200,216.36,
398.386,200,212.76,
398.604,200,218.17,
398.813,200,209.08,
399.018,200,204.64,
399.231,200,213.22,
399.445,200,213.33,
399.668,200,223.58,
399.887,200,219.12,
400.098,200,210.74,
400.316,200,217.9,
400.564,200,247.48,
400.775,200,210.95,
400.988,200,213.31,
401.197,200,208.76,
401.411,200,213.96,
401.641,200,230.83,
401.856,200,214.79,
402.067,200,210.39,
402.279,200,212.81,
402.503,200,223.87,
402.714,200,210.15,
402.936,200,222.25,
403.147,200,211.64,
403.373,200,225.72,
403.592,200,218.79,
403.914,200,322.23,
404.137,200,222.52,
404.608,200,470.75,
404.85,200,242.51,
405.07,200,219.64,
405.274,200,204.44,
405.483,200,208.97,
405.688,200,204.64,
405.948,200,259.86,
406.162,200,214.12,
406.377,200,214.83,
406.582,200,205.15,
406.795,200,212.69,
407.011,200,216.51,
407.22,200,209.13,
407.435,200,214.83,
407.65,200,214.39,
407.857,200,207.43,
408.068,200,210.78,
408.271,200,203.05,
408.482,200,211.03,
408.687,200,204.72,
408.897,200,210.29,
409.112,200,214.57,
409.323,200,211.58,
409.542,200,218.85,
409.752,200,210.18,
409.965,200,212.91,
410.256,200,290.81,
410.481,200,225.07,
410.693,200,211.49,
410.903,200,210.66,
411.112,200,208.68,
411.328,200,215.72,
411.548,200,220.02,
411.748,200,199.77,
411.96,200,212.54,
412.172,200,212.01,
412.389,200,216.57,
412.597,200,208.58,
412.803,200,206.1,
413.014,200,210.16,
413.225,200,211.11,
413.455,200,229.84,
413.672,200,217.24,
413.894,200,222.46,
414.103,200,208.89,
414.311,200,207.84,
414.525,200,214.28,
414.727,200,201.82,
414.933,200,205.44,
415.248,200,315.42,
415.477,200,228.37,
415.701,200,224.79,
415.929,200,227.67,
416.14,200,211.01,
416.36,200,220.16,
416.572,200,211.63,
416.797,200,225.31,
417.006,200,208.79,
417.213,200,207.02,
417.428,200,214.68,
417.636,200,208.43,
417.849,200,212.87,
418.057,200,208.15,
418.281,200,224.03,
418.492,200,210.31,
418.716,200,223.85,
419.092,200,376.4,
419.465,200,372.52,
419.784,200,319.16,
420.024,200,240.0,
